[{"@type":"mtTask","id":"@1","name":"mct_Logging_CreateEventEntry","description":"MCT to Create Event Entry","runtimeEnvironmentId":"@heeW1km6OSsdU3oCZmJkkf","maxLogs":10,"verbose":false,"mappingId":"@20f2BKvwvILhxqZxRlAc0Z","shortDescription":"MCT to Create Event Entry","sessionProperties":{},"enableCrossSchemaPushdown":true,"parameters":[{"@type":"mtTaskParameter","id":51338935,"name":"$src_Dummy$","type":"SOURCE","label":"Logging DB (Logging_DB)","description":"","uiProperties":{"cnxtype":"Relational Database","connectionParameterized":"true","logcnx":"Logging_DB","objectParameterized":"false","visible":"false"},"sourceConnectionId":"@amgbRivrJQhitzHvCcgymi","sourceObject":"DUMMY_src_Dummy","newFlatFile":false,"newObject":false,"showBusinessNames":true,"naturalOrder":true,"truncateTarget":false,"bulkApiDBTarget":false,"customFuncCfg":{"@type":"customFuncConfig","id":-1,"connections":[],"inputMap":[],"outputFields":[]},"tgtFieldRefs":{},"targetUpdateColumns":[],"runtimeAttrs":{},"isRESTModernSource":true,"customQuery":"SELECT 1 AS DUMMY,SYSDATE AS EVENT_DATE FROM DUAL","isFileList":false,"handleSpecialChars":false,"frsAsset":false,"fetchMode":"ORIGINAL","tgtObjectAttributes":{},"runtimeParameterData":{"@type":"mtTaskRuntimeParameterData","isConnectionRuntimeParameter":false,"isObjectRuntimeParameter":false,"connectionParameterName":"Logging_DB"},"overriddenFields":[]},{"@type":"mtTaskParameter","id":51338938,"name":"$tgt_JOB_LOG_EVENT$","type":"TARGET","label":"Logging DB (Logging_DB)","description":"","uiProperties":{"cnxtype":"Relational Database","connectionParameterized":"true","logcnx":"Logging_DB","default":"IC_JOB_EVENTS","objectParameterized":"false","visible":"false","defaultTargetUpdateColumns":""},"targetConnectionId":"@amgbRivrJQhitzHvCcgymi","targetObject":"IC_JOB_EVENTS","targetObjectLabel":"IC_JOB_EVENTS","newFlatFile":false,"newObject":false,"showBusinessNames":true,"naturalOrder":true,"truncateTarget":false,"bulkApiDBTarget":false,"operationType":"Insert","customFuncCfg":{"@type":"customFuncConfig","id":-1,"connections":[],"inputMap":[],"outputFields":[]},"tgtFieldRefs":{},"targetUpdateColumns":[],"extendedObject":{"@type":"extendedObject","filters":[],"sortFields":[]},"runtimeAttrs":{},"isRESTModernSource":true,"isFileList":false,"handleSpecialChars":false,"frsAsset":false,"fetchMode":"ORIGINAL","tgtObjectAttributes":{},"runtimeParameterData":{"@type":"mtTaskRuntimeParameterData","isConnectionRuntimeParameter":false,"isObjectRuntimeParameter":false,"connectionParameterName":"Logging_DB"},"overriddenFields":[]}],"sequences":[],"inOutParameters":[{"@type":"mtTaskInOutParameter","id":"-1","name":"EVENT_MESSAGE","description":"Event Nessage Should not contain instance specific data, represents label ","initialValue":"","datatype":"STRING","precision":"1024","scale":"0","retentionPolicy":"ON_SUCCESS_OR_WARNING","aggregationType":"MAX","currentValue":"TODO Update Message"},{"@type":"mtTaskInOutParameter","id":"-1","name":"EVENT_DETAIL","description":"","initialValue":"","datatype":"STRING","precision":"4000","scale":"0","retentionPolicy":"ON_SUCCESS_OR_WARNING","aggregationType":"MAX","currentValue":" Success Source Rows: 1 Failed Soource Rows: 0 Success Target Rows: 1 Failed Target Rows:  0 Start Time: 2019-08-22T21:36:00.000Z End Time: 2019-08-22T21:36:06.000Z Object Name: mct_Logging_CreateJobEntry Log ID: 0102LIC1000000000YJE Run ID: 38 Task Status: 1"},{"@type":"mtTaskInOutParameter","id":"-1","name":"INITIATOR","description":"","initialValue":"","datatype":"STRING","precision":"255","scale":"0","retentionPolicy":"ON_SUCCESS_OR_WARNING","aggregationType":"MAX","currentValue":"lakshmi.gollapudi@viasat.com"},{"@type":"mtTaskInOutParameter","id":"-1","name":"ENVIRONMENT","description":"","initialValue":"","datatype":"STRING","precision":"255","scale":"0","retentionPolicy":"ON_SUCCESS_OR_WARNING","aggregationType":"MAX","currentValue":"Data Integration"},{"@type":"mtTaskInOutParameter","id":"-1","name":"ORG_ID","description":"","initialValue":"","datatype":"STRING","precision":"255","scale":"0","retentionPolicy":"ON_SUCCESS_OR_WARNING","aggregationType":"MAX","currentValue":"3f14zUvgDeAkTKCqOUapqE"},{"@type":"mtTaskInOutParameter","id":"-1","name":"LOGGING_LEVEL","description":"","initialValue":"1","datatype":"INTEGER","precision":"10","scale":"0","retentionPolicy":"ON_SUCCESS_OR_WARNING","aggregationType":"MAX","currentValue":"1"},{"@type":"mtTaskInOutParameter","id":"-1","name":"EVENT_ID","description":"","initialValue":"","datatype":"STRING","precision":"36","scale":"0","retentionPolicy":"ON_SUCCESS_OR_WARNING","aggregationType":"MAX","currentValue":"9c58bd1a-5668-4831-909c-898d2e9749a5"},{"@type":"mtTaskInOutParameter","id":"-1","name":"JOB_ID","description":"","initialValue":"","datatype":"STRING","precision":"36","scale":"0","retentionPolicy":"ON_SUCCESS_OR_WARNING","aggregationType":"MAX","currentValue":"2dfb6f57-cca3-41fc-8873-2c4197e8440b"},{"@type":"mtTaskInOutParameter","id":"-1","name":"PROCESS_NAME","description":"","initialValue":"","datatype":"STRING","precision":"255","scale":"0","retentionPolicy":"ON_SUCCESS_OR_WARNING","aggregationType":"MAX","currentValue":"tf_JOB_Tracking_Template"},{"@type":"mtTaskInOutParameter","id":"-1","name":"PROCESS_ID","description":"","initialValue":"","datatype":"BIGINT","precision":"19","scale":"0","retentionPolicy":"ON_SUCCESS_OR_WARNING","aggregationType":"MAX","currentValue":"349305618250969088"}],"connRuntimeAttrs":[]}]