[{"@type":"mtTask","id":"@1","name":"mct_Logging_UpdateJobEntry","description":"MCT to Update Job Log entry with a final Status and End Time","runtimeEnvironmentId":"@6WpXgRmRlWMg3Uvus96aeN","maxLogs":10,"verbose":false,"mappingId":"@810Wt8b51k8js0j7sVonmg","shortDescription":"MCT to Update Job Log entry with a final Status an...","sessionProperties":{},"enableCrossSchemaPushdown":true,"parameters":[{"@type":"mtTaskParameter","id":17086360,"name":"$src_IC_JOB_LOG$","type":"EXTENDED_SOURCE","label":"Logging DB (Logging_DB)","description":"","uiProperties":{"cnxtype":"Relational Database","connectionParameterized":"true","logcnx":"Logging_DB","isMsrcFilterParameterized":"false","isMsrcSortParameterized":"false","objectParameterized":"false","visible":"false"},"sourceConnectionId":"@1Vh3qdgOsYpjNAONqIMcsP","newFlatFile":false,"newObject":false,"showBusinessNames":true,"naturalOrder":true,"truncateTarget":false,"bulkApiDBTarget":false,"customFuncCfg":{"@type":"customFuncConfig","id":-1,"connections":[],"inputMap":[],"outputFields":[]},"tgtFieldRefs":{},"targetUpdateColumns":[],"extendedObject":{"@type":"extendedObject","object":{"@type":"mObject","name":"IC_JOB_LOG","label":"IC_JOB_LOG","metadataUpdated":false,"relations":[],"children":[]},"advancedFilterExpression":"IC_JOB_LOG.JOB_ID = $$in_JobID","filters":[],"sortFields":[]},"runtimeAttrs":{},"isRESTModernSource":true,"isFileList":false,"handleSpecialChars":false,"frsAsset":false,"fetchMode":"ORIGINAL","tgtObjectAttributes":{},"runtimeParameterData":{"@type":"mtTaskRuntimeParameterData","isConnectionRuntimeParameter":false,"isObjectRuntimeParameter":false,"connectionParameterName":"Logging_DB"},"overriddenFields":[]},{"@type":"mtTaskParameter","id":17086363,"name":"$tgt_IC_JOB_LOG$","type":"TARGET","label":"Logging DB (Logging_DB)","description":"","uiProperties":{"cnxtype":"Relational Database","connectionParameterized":"true","logcnx":"Logging_DB","default":"IC_JOB_LOG","objectParameterized":"false","visible":"false","defaultTargetUpdateColumns":""},"targetConnectionId":"@1Vh3qdgOsYpjNAONqIMcsP","targetObject":"IC_JOB_LOG","targetObjectLabel":"IC_JOB_LOG","newFlatFile":false,"newObject":false,"showBusinessNames":true,"naturalOrder":true,"truncateTarget":false,"bulkApiDBTarget":false,"operationType":"Update","customFuncCfg":{"@type":"customFuncConfig","id":-1,"connections":[],"inputMap":[],"outputFields":[]},"tgtFieldRefs":{},"targetUpdateColumns":[],"extendedObject":{"@type":"extendedObject","filters":[],"sortFields":[]},"runtimeAttrs":{},"isRESTModernSource":true,"isFileList":false,"handleSpecialChars":false,"frsAsset":false,"fetchMode":"ORIGINAL","tgtObjectAttributes":{},"runtimeParameterData":{"@type":"mtTaskRuntimeParameterData","isConnectionRuntimeParameter":false,"isObjectRuntimeParameter":false,"connectionParameterName":"Logging_DB"},"overriddenFields":[]}],"sequences":[],"inOutParameters":[{"@type":"mtTaskInOutParameter","id":"-1","name":"in_Status","description":"final Status of the Job","initialValue":"","datatype":"INTEGER","precision":"10","scale":"0","retentionPolicy":"ON_SUCCESS_OR_WARNING","aggregationType":"MAX","currentValue":"3"},{"@type":"mtTaskInOutParameter","id":"-1","name":"in_JobID","description":"","initialValue":"","datatype":"STRING","precision":"40","scale":"0","retentionPolicy":"ON_SUCCESS_OR_WARNING","aggregationType":"MAX","currentValue":"'2dfb6f57-cca3-41fc-8873-2c4197e8440b'"}],"connRuntimeAttrs":[]}]