[{"@type":"mtTask","id":"@1","name":"mct_Logging_CreateJobEntry","description":"MCT to Create Job Entry","runtimeEnvironmentId":"@6WpXgRmRlWMg3Uvus96aeN","maxLogs":10,"verbose":false,"mappingId":"@3PMQLPBBRWdeGhD4nE1Z6T","shortDescription":"MCT to Create Job Entry","sessionProperties":{},"enableCrossSchemaPushdown":true,"parameters":[{"@type":"mtTaskParameter","id":17086354,"name":"$SRC_Oracle_Dual$","type":"SOURCE","label":"Logging DB (Logging_DB)","description":"","uiProperties":{"cnxtype":"Relational Database","connectionParameterized":"true","logcnx":"Logging_DB","objectParameterized":"false","visible":"false"},"sourceConnectionId":"@1Vh3qdgOsYpjNAONqIMcsP","sourceObject":"DUMMY_SRC_Oracle_Dual","newFlatFile":false,"newObject":false,"showBusinessNames":true,"naturalOrder":true,"truncateTarget":false,"bulkApiDBTarget":false,"customFuncCfg":{"@type":"customFuncConfig","id":-1,"connections":[],"inputMap":[],"outputFields":[]},"tgtFieldRefs":{},"targetUpdateColumns":[],"runtimeAttrs":{},"isRESTModernSource":true,"customQuery":"SELECT 1 AS DUMMY,SYSDATE AS PST_DATE FROM DUAL","isFileList":false,"handleSpecialChars":false,"frsAsset":false,"fetchMode":"ORIGINAL","tgtObjectAttributes":{},"runtimeParameterData":{"@type":"mtTaskRuntimeParameterData","isConnectionRuntimeParameter":false,"isObjectRuntimeParameter":false,"connectionParameterName":"Logging_DB"},"overriddenFields":[]},{"@type":"mtTaskParameter","id":17086357,"name":"$TGT_IC_JOB_LOG$","type":"TARGET","label":"Logging DB (Logging_DB)","description":"","uiProperties":{"cnxtype":"Relational Database","connectionParameterized":"true","logcnx":"Logging_DB","default":"IC_JOB_LOG","objectParameterized":"false","visible":"false","defaultTargetUpdateColumns":""},"targetConnectionId":"@1Vh3qdgOsYpjNAONqIMcsP","targetObject":"IC_JOB_LOG","targetObjectLabel":"IC_JOB_LOG","newFlatFile":false,"newObject":false,"showBusinessNames":true,"naturalOrder":true,"truncateTarget":false,"bulkApiDBTarget":false,"operationType":"Insert","customFuncCfg":{"@type":"customFuncConfig","id":-1,"connections":[],"inputMap":[],"outputFields":[]},"tgtFieldRefs":{},"targetUpdateColumns":[],"extendedObject":{"@type":"extendedObject","filters":[],"sortFields":[]},"runtimeAttrs":{},"isRESTModernSource":true,"isFileList":false,"handleSpecialChars":false,"frsAsset":false,"fetchMode":"ORIGINAL","tgtObjectAttributes":{},"runtimeParameterData":{"@type":"mtTaskRuntimeParameterData","isConnectionRuntimeParameter":false,"isObjectRuntimeParameter":false,"connectionParameterName":"Logging_DB"},"overriddenFields":[]}],"sequences":[],"inOutParameters":[{"@type":"mtTaskInOutParameter","id":"-1","name":"in_Job_ID","description":"Must be GUID","initialValue":"","datatype":"STRING","precision":"36","scale":"0","retentionPolicy":"ON_SUCCESS_OR_WARNING","aggregationType":"MAX","currentValue":"2dfb6f57-cca3-41fc-8873-2c4197e8440b"},{"@type":"mtTaskInOutParameter","id":"-1","name":"in_JobName","description":"","initialValue":"","datatype":"STRING","precision":"255","scale":"0","retentionPolicy":"ON_SUCCESS_OR_WARNING","aggregationType":"MAX","currentValue":"tf_JOB_Tracking_Template"},{"@type":"mtTaskInOutParameter","id":"-1","name":"in_OrgId","description":"","initialValue":"","datatype":"STRING","precision":"255","scale":"0","retentionPolicy":"ON_SUCCESS_OR_WARNING","aggregationType":"MAX","currentValue":"3f14zUvgDeAkTKCqOUapqE"},{"@type":"mtTaskInOutParameter","id":"-1","name":"in_Environment","description":"","initialValue":"","datatype":"STRING","precision":"255","scale":"0","retentionPolicy":"ON_SUCCESS_OR_WARNING","aggregationType":"MAX","currentValue":"Data Integration"},{"@type":"mtTaskInOutParameter","id":"-1","name":"in_Initiator","description":"","initialValue":"","datatype":"STRING","precision":"255","scale":"0","retentionPolicy":"ON_SUCCESS_OR_WARNING","aggregationType":"MAX","currentValue":"lakshmi.gollapudi@viasat.com"},{"@type":"mtTaskInOutParameter","id":"-1","name":"in_Process_ID","description":"Process ID","initialValue":"","datatype":"BIGINT","precision":"19","scale":"0","retentionPolicy":"ON_SUCCESS_OR_WARNING","aggregationType":"MAX","currentValue":"349305618250969088"}],"connRuntimeAttrs":[]}]