[{"@type":"mappingTemplate","id":"@1","name":"m_Logging_CreateEvent_Entry","description":"Mapping to create Event Log entry to monitor job execution\nEvent logging Levels 1-Info, 2-Warning, 3-Error\nBecause task flows run in the cloud server instance as IPS process, use Cloud Server as environment\n ","bundleVersion":"0","templateId":"@3","deployTime":1566931976000,"hasParameters":true,"valid":true,"fixedConnection":false,"hasParametersDeployed":true,"fixedConnectionDeployed":false,"tasks":1,"mappingPreviewFileRecordId":"@2","documentType":"","references":[]}]