[{"@type":"mappingTemplate","id":"@1","name":"m_Logging_CreateJobEntry","description":"Mapping to create Job entry \nJob Entry is created in state 1-Running\nBecause task flows run in the cloud server instance as IPS process, use Cloud Server as environment","bundleVersion":"0","templateId":"@3","deployTime":1585073294000,"hasParameters":true,"valid":true,"fixedConnection":false,"hasParametersDeployed":true,"fixedConnectionDeployed":false,"tasks":1,"mappingPreviewFileRecordId":"@2","documentType":"","references":[]}]